name,company,title,country
Aaron Díaz,,Actor,
Aaron Otoya,Chollywood Cine,Gerente,
Abigail Cohen,Black Sheep Productions,Producer,
Adela Redondo,"Claro Video, LLC","Manager, Content Acquisitions",USA
Aden Ikram,Viasat,"Director, Content Acquisitions",USA
Ado Oliveira,Watch TV,Content director,Brazil
Adolfo Álvarez Rivas,¡HOLA! TV,VP ON AIR CONTENT & PROGRAMMING,USA
Adrian De Brasi,INSiGHT MEDIA,CEO,
Adrian Garelik,Flixxo,Founder,Argentina
Adrián Santucho,Telemundo Studios,SVP Unscripted Content,
Adriana Bello,"Icebergfilms, Redrum","Productora Ejecutiva, CEO",
Adriana Calvo,Thema / Canal+,Head of Programming,USA
Adriana Da Silva,Floresta,VP & MD Floresta,Brazil
Adriana Marques,Mixer Films,Production and Content DIrector,Brazil
Adriana Perez de Luis,Beta Spain,Global content commissioner,Spain
Adriana Ramirez,Megatrax,Gerente Latam,
Adriano Canella,Sony Pictures Television,SALES DIRECTOR,Brazil
Agustin Bossi,Pampa Films,CEO,
Agustín Vigil Sotomayor,América Móvil,Director de Contenidos,Mexico
Agustina Dompé,The Walt Disney Company,Sr. Manager Content acquisitions,Argentina
Ainhoa Fernández Martínez,Cinema Vista Productions,Directora y guionista,
Alan Sokol,Hemisphere Media Group,CEO,USA
Albert Rainer Dechent Clares,Zapping,CCO,
Albertina Marfil,NBCUniversal Formats,"Director, format sales & production",United Kingdom
Alberto Búlfeda,Aura Producciones,CEO,
Alberto cano,inwwo streaming,DIRECTOR OF SALES & ADQUISITIONS,
Alberto Gomez Paredes,Telcom Ventures SA,Programming Manager,Argentina
Alberto Moreno,Willax Tv,Gerente de Television,Peru
Alberto Trevino,Multimedios,Manager of Operations (FAST),Mexico
Aldo Di Felice,TLN Media Group Inc.,President,Canada
Alejandra Cangas,TelevisaUnivision,VP Digital Growth Initiatives,
Alejandra Cárdenas,Sin Sentido Films,productora/directora,
Alejandro Cacetta,FAM CONTENIDOS,Producer - Founder,
Alejandro Carballo,Telefilms,Sales Director,
Alejandro Chavez,TV Azteca,Director de Programación,Mexico
Alejandro De Grazia,Energia media,CEO,
Alejandro Garcia,NBCUniversal Telemundo Enterprises,"Programming Content Manager, NBCUniversal Telemundo Enterprises",USA
Alejandro Lopez,13 ideas imposibles SL,"Guionista, Director, Productor.",
Alejandro Mercado,PX Sports,CEO,México
Alejandro Parra,Sinapsis Produccion,CEO,
Alejandro Peñafiel,Televisa Univision,ACQUISITION DIRECTOR & PARTNERSHIP AVOD/SVOD • DIR,Mexico
Alejandro Pimentel,360 Powwow LLC,Director of Non-Scripted and Production,USA
Alejandro Rincon,Endemol Shine Boomdog,CEO,
Alejandro Rincon de Luis,EndemolShine Boomdog,CEO EndemolShine Boomdog,Mexico
Alejandro Rojas,Parrot Analytics,VP of Applied Analytics,
Alejandro Suarez Aguilar,LODMAfilms,Screenwriter / Producer,Mexico
Alejandro Vázquez-Vela Duhalt,CosmoBlue,VP sénior de Adquisiciones,Mexico
Alejandro Wills,Hemisphere Media Group,"Manager, Streaming Strategy & Operations",
ALEJO SMIRNOFF,Prensario,Director,
Alex Collot,Collot Baca Media,COO,
Alex González,Sonoro Global Media Corp.,"Director, Content Partnerships",
Alex Hadad,Soho Formats,Head of Acquisition,USA
Alex Lagomarsino,Mediabiz US,CEO,
Alex Medeiros,Globoplay,"Head of content - drama, documentaries & film",Brazil
Alex Molina,Blackmagic Design,Senior Communications Manager,
Alexa De la Cruz,Sony Pictures Television,Acquisitions & Content Strategy Manager,USA
Alexander Perez,Novazul,Director,Dominican Republic
Alexandro Campos,TelevisaUnivision,Senior VP of engineering,
Alexis Fridman,Perro Azul,Productor Ejecutivo,
Alfonso Blanco,Portocabo,CEO y productor ejecutivo,Spain
Alfonso Lopez,PORTOCABO TV SL,Producer & Business Development,Spain
Alfredo Richard,NBCUniversal Telemundo Enterprises,"Executive Vice President, Corporate Communications",USA
Aliana Gonzalez,Produ,Periodista,
Alicia López,The Mediapro Studio,Development Manager,Spain
Alix Lebrat,Studiocanal,SVP Series for France & Southern Europe,
Alma Baca,COLLOT BACA MEDIA,CEO,
Almir Santos,A2 filmes,Acquisition,Brazil
Álvaro José Caviedes,La Ventanart,"Cinematographer, Film Producer",USA
amina galdo,RCTV International,Office Manager,
Amish Rambhia,PVR INOX Pictures Limited,Head - Acquisition & Syndication,India
Amparo Castellano,The Mediapro Studio,Head of Non Scripted,Spain
Amy Ibarra,Produ,Senior Sales Director,
Ana Alvarado,Ecuavisa Studios,CEO,Ecuador
Ana Bond,AlgoVerde.ai,Advisor & head of media & entertainment,
Ana Megna,NIPPUR MEDIA,VP OF PRODUCTION,
Ana Octavio,Exile Content Studio,Development Executive,USA
Ana Prada,TikTok LIVE LATAM,Business Development Manager,
Ana Ramirez,Portafolios y asuntos de la Publicidad,Director comercial,Mexico
Ana Rebolledo,"Televisa Univision, Inc.","Senior Manager, Programming Strategy, UniMas",USA
Ana Sanchez,Comarex SA de CV,Directora,
Ana Laura González Tello,Canal 12 - Teledoce,Gerente de Producción y Contenido digital,Uruguay
Ana Lucia Castillo,Universal Cinergia Dubbing,Sales Assistant,USA
Ana Maria Londono,Estudios RCN,Head of Fiction,Colombia
Ana Maria Nuñez Toledo,Megamedia,Gerente de Negocios de Contenidos,Chile
Ana Maria Pino,Caracol Television,DIRECTOR DE CONTENIDO,
ANA MARIA ROCA REY URRUNAGA,RAYO EN LA BOTELLA,GERENTE DE PRODUCCION,
Ana María Parra,Telemundo Enterprises,Head Writer,
Ana Patrícia Abreu,"Upstar Comunicações, SA",Director,
Ana Paula Carreira,TTV News,Account manager,
Analía Pollero,Warner Bros Discovery,"Content Acquisition & Planning, Sr Director",Argentina
ANALIDA LOPEZ,ALBAVISION,Evaluation and Acquisition Executive,Panama
Andrea Bilbatúa,New Art,CEO,
Andrea Bravo,BRAVO PRO,CEO - Productora,
Andrea Nieto,Centauro Comunicaciones,Managing Director,"United States, Colombia, Mexico, Brasil"
Andrea Parra,Dandelooo,International Sales Manager,
Andrea Perez,Box to Box Films,EVP Latam,
Andrea Scarpellino,Arel Holding,CSO,Mexico
Andrea Sconza,Universal Cinergia Dubbing,Sales,
Andres Cusco,Ole Interactive,VP,
Andres May,Mercado Libre,Head of Content,Argentina
Andres Posada,Estudios RCN,Gerente de Producción,Colombia
Andres Romero,Dale Networks,CEO / Founder,
Andres Tortarolo Fragola,VANQUISH Sports & Media Group,CEO,Spain
ANDRES FIERRO,ISTANBUL CHAMBER OF COMMERCE,STAFF,TÜRKİYE
ANDRES MARULANDA BOTERO,PRIMETIME MEDIA,GERENTE COMERCIAL,Colombia
ANDRES MENDOZA,WARNER BROS. DISCOVERY,"HEAD OF PROGRAMMING & ACQUISTION, HBO/MAX LATAM",USA
ANDRES URIBE,PRIMETIME MEDIA SAS,MANAGING PARTNER,Colombia
Andrés Badra,Venevision Media,Presidente,
Andrés Nieto Serpa,VIVAROMEDIA,BUSINESS DEVELOPER,Mexico
Andrés Tudela,ORIÓN FILMS,Producer,
Andrés Vázquez del Mercado,América Móvil,Director de Innovación Tecnológica,Mexico
Andres F. Mejia,Miami Institute,President,USA
Andrés Felipe Triana Ospina,LA_PLAYA_WK_LAB. / Miami Institute,SHOWRUNNER,
Angel Laureano,Color Visión,Director General,Dominican Republic
Angel Zambrano,CONDECO MEDIA,Owner,USA
Angela Poblete,Fabula,Regional TV director,Chile
Angela Vergara,CARACOL TELEVISION S.A.,ADMINISTRADORA EMPRESAS,Colombia
ANGELA SUAREZ,TIS STUDIOS,CONTENT & DEVELOPMENT VP,Colombia
Angelica Guerra,dynamo producciones,Productora Ejecutiva,
Angelica Potes,Mediastream,Management Consultant,
Angelina Rivero,NBCUniversal Telemundo Enterprises,Senior Director of Programming,USA
Angelique Boyer,,Actress,
ANGIE ARBESU,UNITEL,DIRECTORA DE PROGRAMACION Y PRODUCCION,Bolivia
Angus Yip,TVB (USA) INC,Senior Vice President,
Anne Schneegans,France tv distribution,International Sales Manager,
Antoine ERLIGMANN,ANIMAJ,SVP Global Content Distribution & Licensing,
Antonio Azzalini,Tunnel Produzioni Srl,CEO Buyer,Italy
Antonio Escobar,Megamedia,Business and Platforms Director,
Antonio Salume Dib,Netflix,Content Coordinator,
Arelys Carballo,TelevisaUnivision,VP Content Strategy - ViX,USA
ARIANA SAIEGH,GM Comunicaciones,showrunner,Argentina
Ariel Graizer,Rocstar sa,President and CEO,Argentina
Arthur David Purdy,Stingray,Chief Revenue Officer,Canada Canada
Arturo Chavez,Delart Distribution LLC.,Manager Partner,USA
Arturo Elias Ayub,América Móvil,"CEO América Móvil contenido, Alianzas Estratégicas UNO TV y Claro Sports",Mexico
Arturo Yepez,2blatam,CEO,Ecuador
Augusto Rovegno,Paramount,SVP for Content,
Aura Copeland,Chicas Guapas,,
Aurora Mohler,Olympusat,Chief Content Officer,USA
Avril Sagredo,Paramount,Business Development Sr Manager,
Ayah Hamouda,Takwene Information Technology,Regional Manager,
AYCA PINAR GEDIKOGLU,Turkish Radio Television Corporation,Sales Executive,
Barbara Adams,Netflix,"Licensing Manager, Brazil",Brazil
Beatriz Carvalho,Floresta,Head of Scripted Development and Production,
Beatriz OHiggins,IVC Networks,Dir Programming and Acquisitions,Venezuela
BEGUM ECE,ISTANBUL CHAMBER OF COMMERCE,SPECIALIST,
Ben Odell,3Pas Studios,CEO and co-founder,
Ben Samek,Banijay Americas,CEO,
Bernardo Ribeiro,New Regency,"VP, Distribution Latam",
BERNARDO MAUROVICH,Greenway Pictures,Executive Producer,
Betti Ortega,CASTALIA COMMUNICATIONS,VP Communications,USA
Bianca Lyndaker,NBCUniversal,Content Director,USA
Billy Rovzar,Lemon Studios,CEO,
Blanca Ponce,NUEVEMEDIA SA,Presidente,Argentina
Bob Seeman,VEEEU,VP Content,
Boris Abaunza Q,Epica Studio,Creative Director,
Brandon Brito,Apple TV+,Senior Programming Executive,USA
Brendan Fitzgerald,Secuoya Studios,CEO,Spain
Breno Sousa,Globo,Content Acquisiton,Brasil
Brian McGarvey,Crunchyroll,"Vice President, Global Business Development",
Brittany Wiscombe,Candlelight Media Group / Spark TV,COO - Director of Developement,USA
Bruce Boren,THR3 MEDIA GROUP,CEO,
Bruno de Lima Santos,"Coral Vision Europa, SA",General Manager,Portugal
C Sahab,Samsara Global,Directora General,
C. Said Schwarz,First Media,Business Development,USA
Cal Butler,El Chido Burrido,Actor and Writer,
Camila Wilches,Sony Pictures Television,"Head of Business Affairs Production, Latin America",USA
Camille Burgess,Euronews,Distribution Manager,
Camilo Acuña,Caracol Television,VP of Programming and Marketing,Colombia
Can Peker,Soho Formats,Executive Producer,USA
CANAN SEZGİN,ISTANBUL CHAMBER OF COMMERCE,STAFF,Türkiye
Candy Jenniffer Baez,ESTUDIANTE / MIAMI INSTITUTE,ESTUDIANTE,
Carissa Gaither,Shoreline Entertainment,"VP, Operations",
Carles Farrando,MediadataTV,General Manager,Spain
Carlos Armas,Fremantle,Scripted & Unscripted Development Exec.,Mexico
Carlos Cabrera,Cisneros Media,VP,USA
Carlos Candia,Red Uno,Production Manager,
Carlos Cediel,Apple TV+,Creative Executive,USA
Carlos Cusco,Ole Communications,Chief Content Officer / Board Member,USA
Carlos Cuscó,Foton. & Ole Communications,CEO & Chief Content Officer,USA
Carlos Fernandez,Canal+ Distribution,CEO America,USA
Carlos Martínez,Fox Corporation,"EVP and managing director, Latin America",
Carlos Mendes,Watch TV,CEO,
Carlos Mesber,We Love Entertainment,CEO,USA
Carlos Sanchez,Protege,"Head of Global Business Development, Media",
Carlos Alberto Galeano,Talento Nacional,Manager,
Carlos Rafael López,1h Media,Chief Content Officer,USA
Carmen Larios,LAR MEDIA,CEO,
Carmen Marino,Warner Bros.Discovery,Sr. Director Corporate Communications,United States
Carmen Román,Canal 13,Executive Producer of International Content,Chile
Carmen Stanton,NBCUniversal Telemundo Enterprises,"SVP, Finance",USA
Carolina Cordero,Buenos Aires Film Commission / IBEROFIC,Directora general,Argentina
Carolina Gomez,NBCUniversal Telemundo Enterprises,EA Telemundo Studios,USA
Carolina Gonzalez,Apple TV+,"Programming, Latin America",USA
Carolina Iacia,Globo,"Head of Acquisitions – Formats, Live Events and Literary Properties",Brazil
Carolina Leconte,Netflix,VP of content for Mexico and licensing for Latin America,Mexico
Carolina Márquez,Zapping,Content Manager - Distribución y Licencias.,
Carolina Padula,Warner Bros. Discovery,Director Acquisitions,USA
Carolina Santamaria,OneWrapp - Production Software Powered by AI,CEO,
Caroline Côté,Aetios Productions Inc.,Vice-présidente contrôle et développement corporatif,
Catalina Ramirez,ITV Studios,"VP, Sales - Americas, Global Partnerships",USA
Cecilia Mato,NAVAJO FILMS,Producer,
Cecilia Mendonça,,Senior entertainment executive — development & executive production,
CEDRIC VOLKMAN ROBINEAU BOURGNEUF,"GENIAL MEDIA, S.L.",CEO,
Celeste Galarza Galarza,Wapa Tv,Promotions Director & Programming Analyst,Puerto Rico
Cem Ors,Soho Formats,General Producer,
CEM ORS,ISTANBUL CHAMBER OF COMMERCE,STAFF,
Cesar Diaz,7A Media,CEO,
Cesar Luckie,Getty Images,Sales Manager,
Cesar Sabroso,A+E Networks Latin America,"SVP Marketing, Afiliados, Servicios Creativos y Comunicaciones",USA
CEYDA GÖNENÇ,KANAL D,HEAD OF PROGRAMS,Türkiye
Charlie Weiss,Weissemc,Head of Event Programming & Commercial Experience,
Charo Calvo,Atresmedia,Coordinadora de Programación de Canales Atresmedia,Spain
Chiara Francia,The Orlando Books,Screenwriter,
Christian Gabela,Gaumont USA,"SVP, Head of Spain, LATAM, US Hispanic",
Christian Gabela,Gaumont,"SVP, Head of SPLATAM and US Hispanic",USA
Christina Covarrubias,Sphere Abacus,Sales Consultant,
Christopher Rubi,NBCUniversal,Content Director,USA
Cida Fernandes,GAYAPOP,Director of acquisitions,
Cida Goncalves,8 STAR Entertainment,President,USA
Ciera Gillis,Google Cloud,Client director,
Cindy Teperman,Infinity Hill,Co-founder and president,USA
Clara Lope Vergara,Syndicate Media Group,VP Sales,
Clara Machado,Endemol Shine Boomdog,Executive Director Development and Current Scripted,Mexico
Claudia Bouche,"CLARO VIDEO, LLC",Sr. Manager Content Acquisitions,USA
Claudia Foghini,TelevisaUnivision,SVP Production Management,USA
Claudia Garcia,HMTV,Programming Content Senior Manager,USA
Claudia Morales,WAWA,Coordinator,United States
Claudia Ruiz,MediadataTV,LatAm Operations & Sales Manager,
Claudia Silva,Sony Pictures Television,VP Distribution,
Claudine Bayma,Kwai Brazil,General Manager,
Clint Stinchcomb,Curiosity Stream,President & CEO,USA
Consuelo Sandoval,Guatemala.com,Acquisitions Manager,
Cordelia Sklansky,JMP Verdant,,
Cosette Molina,Vodus Media,"Head of Digital Platform & Content development. AVOD, SVOD, PVOD, Fast Channels and short dramas",USA
Coty Cagliolo,Sony Pictures Television,"SVP & MD,  Production Latin America & US Hispanic",Mexico
Cristian Donoso,Invercine,Productor Ejecutivo,
Cristian Liarte Hernandez,MediaCrest,CEO & Producer,Spain
Cristian Rivero,PANAMERICANA,Producer,
Cristina Palacio,Alibi Films,CEO,Colombia
CRISTOBAL PONTE,SQUIRREL MEDIA,International Sales Director,
CYNTHIA ISMINO,TELEVISAUNIVISION / ViX,CONTENT PARTNERSHIPS & ACQUISITIONS,USA
Damian Craimowicz,Grey Juice Lab,Director Latam,Argentina
Damian Rodriguez,TelevisaUnivision,Programming Manager,USA
Damian Saul Romay,Sunshine Films,CEO,
daniel harroch,zylo,CEO,France
Daniel Benchimol,DAZN,"Director, Partnerships",
Daniel Castaneda,Toei Animation Inc.,"Director, Film Licensing",
Daniel De Simone,Millicom,Content Director,USA
Daniel Di Felice,TLN Media,Client Service Lead,Canadá
Daniel Domenjo,MOVISTAR PLUS+,CEO,
Daniel Hernandez,Secuoya Content Group,Director General Latam,Colombia
Daniel Martinez Siller,TelevisaUnivision,Gerente de Programación,Mexico
Daniel Rodríguez Risco,El Colchón Entertainment SAC,Director,
Daniel Segredo,Caracol Televisión,Director de ventas internacionales,Estados Unidos
Daniel Soto,Netflix Mexico,Sr. Manager Comms,
DANIEL GOYTIA,DG Social Impact Studies,President,
DANIEL PARRA,"CABLEPAR, INC",CEO,
Daniela Arguedas Salgado,Cinépolis,International Sales Sr. Manager,
Daniela Bagliani,Full Board Media srl,CEO and Co-Founder,Italy Italy
Daniela de Angel,n/a,Content Executive,
Daniela Santos Ortiz,EGEDA,Especialista en proyectos europeos y desarrollo de negocio,
DANIELLA Piquet,BKS/GAIAPOP,CEO,USA
Danilo Fonseca Herrera,Amazon MGM Studios,"Creative executive, Original Movies & Series",
Dario Turovelzky,TELEFE,CEO,Argentina
Darío Turovelzky,Telefe,CEO,
Dario Armando Garcia,Caracol Television,VICEPRESIDENTE DE PRODUCCION Y CONTENIDO,Colombia
Dave de Bie,Banijay Entertainment,Senior international format & production consultant,
David Barraza Ibañez,BM Studio.,Head of Content & Escritor,
David Davoli,Lucaville Global,Founder | CEO,
David Di Lorenzo,Future Today Inc.,SVP Partnerships & Content Acquisitions,USA
David Gamez,TelevisaUnivision,"Director, Content Strategy Programming",USA
David Israel,Esteno Media Services,VP Business Development & Operations,USA
David Rios,DailyMotion,"VP, Latin America",USA
David Torres Vázquez,The Other Film Production,Productor,
David Zannoni,Freeway Entertainment,Consultor Americas,
DAVID BARSKI,Realfiction Group inc.,VP development & acquisitions,USA
Debora de Sola Habsburg,Pollination-Pictures,CEO,
Demian Torres-Bohl,Mexicanal LLC,President,
Devdatta Potnis,Everbloom Creative Inc.,Strategic Global Content Partnerships,
Diamela Pérez,Televisa Univisión,Unimas Director of Programming Strategy,USA
Diana Bustamente,Black Sheep Productions,Production Supervisor,
Diana Camargo,Laberinto,Executive Producer,Colombia
Diana Mejia-Jones,Campanario Entertainment,SVP of Spanish Content,USA
Didier Ghez,Troveo AI,SVP Content Acquisition & Partnerships,
Diego Alfagemez,Señal News,Editor-in-Chief,
Diego García Scheck,CANAL 12 - TELEDOCE,Gerente de Programación,
Diego Landaeta,Casting Cali,Productor,
Diego Piasek,Offline Sports,Co-founder,
Diego Robino,Cimarron Cine,Founder & CBO,
DIEGO VENTURA,AMÉRICA TELEVISIÓN (AMÉRICA ESTUDIOS),DIRECTOR DE DESARROLLO DE CONTENIDOS,Argentina
Dilip Bala,"Merzigo, Inc.","Managing Director, Americas",
Diógenes Henriquez,Telesistema Canal 11,Marketing coordinator,Dom. Republic
Donald Harwood,Dooya TV,Managing Director,USA
Dora Ross,NBCUniversal Telemundo Enterprises,Executive Assistant,USA
Doris Vogelmann,Vme Media Inc,VP programming and Operations,USA
Dr. Neha Hooda,Elevate by Mielo Films,"Founder, CEO",India
DR. SALIH SAMI ATILGAN,ISTANBUL CHAMBER OF COMMERCE,EXECUTIVE BOARD MEMBER,
Edgar Dominguez,United Films Media Group,President,USA
Edgar Jaramillo,Break Da Rules,Studio Head,
Edgar Spielmann,Chilevisión,CEO,Chile
Edison Monroy,Produ,,
Edson Fukunda,Paramount,Creative Sr. Director,
Edson Pfutzenreiter Mendes,Epfutzenreiter Associates and Content Distribution,Brazilian Lawyer Consultant in Content Licensing,
Eduardo Arias-Nath,Polar Star,Executive,
Eduardo Gaspar,TV Gazeta,Creative Director,
Eduardo González Jiménez,SIM MX TV,CEO,Mexico
Eduardo Ruiz,A&E Networks Latin America,President & General Manager Executive,USA
Eduardo Sepúlveda,TelevisaUnivision,COO,Mexico
Eduardo Alberto Rosado Mejía,RoMe Studios,Managing Director,
Edward Allen,Miercoles Entertainment Studios,Co-Ceo,
Elba McAllister,Cineplex,General Manager,USA
Eli Lipnik,The Swen Group,Vice President,
Elisa Brough,Candlelight Media Group / SparkTV,EVP Worldwide Sales & Acquisitions,USA
Elisa Segovia,TelevisaUnivision,"SVP, Creative Strategy & Branding, Streaming & Multiplatform",
Elizabeth Bowen-Tombari,TV Latina,Editor,
Elizabeth Sanderson,Sony Pictures Television,Head of Data Analytics & Business Insights,USA
Emilia Nuccio,Enoro Media,President,
Emilio Ferrari,Syndicate Media Group,president,
Emilio Rubio,Vrio - Directv LA / Sky Bra,CCO,USA
Emilio Schenker,Sipur Studios,CEO & Co-Founder,
Emily Ilkyung Nahm,SBS International,Executive Director,
Enrico Saraiva,Alecrim Vagabundo,CEO,
Enrique Yamuni,Megacable,CEO,Mexico
Eric Malyshev,Ammo Content,VP of Content - Acquisitions & Programming,USA
ERIC JURGENSEN FLORES,LATINA,GERENTE GENERAL Y DIRECTOR DE CONTENIDO Y PROGRAMACIÓN,Peru
Erica Sanchez,Lemon Studios,Production Director,
Erick Opeka,Cineverse,President and chief strategy officer,
Erick Pulido,Imagen TV,Director de Programación y Contenidos,Mexico
Erik Barmack,Wild Sheep Content,Founder and CEO,USA
Erika Vogt Lowell,HITN TV,Director of Programming and Acquisitions HITN,USA
Erika Sagrario Rodríguez Echegollen,TV Azteca,Directora de programación,
ERNESTO MONASTERIO,ECOR LTDA/ RED UNITEL,DIRECTOR COMERCIAL,Bolivia
Erwin Perez,Chicas Guapas,,
Esteban Borras,Claxson,Sales & Marketing VP,United States
Estela Renner,Maria Farinha Filmes,co-founder,
ESTHER SANCHEZ,SQUIRREL MEDIA,HEAD OF STRATEGY,
ETTORE BOTTA,SPACEWOW,President,USA
Eugenia Rivas Calderón,Cinépolis,Distribution & International Sales Executive,
Eugenia Velez,RCN Televisión,VP of Programming & Marketing,Colombia
Eulalia Eguiguren,Teleamazonas,Program Manager,Ecuador
Euzébio Munhoz Junior,California Filmes,Content Acquisition,Brazil
Eva Colon,Sony Pictures Entertainment,Sr Administrative Assistant,
Fabio Golombek,FJ Productions Inc,Producer,
Fabio Prepelitchi,MURGA,Director Comercial,Argentina
Fabricio Ferrara,CVeintiuno/C21Media,Business Development Director,
Faraz Ansari,Urdu1,Founder & CEO,United Arab Emirates
Federico Levrino,Telefe,Senior Director Content and Programming of Telefe,
Federico Scotellaro,Group Isos,,
Feliciano Rubiera,Intervision Entertainmet,General Manager,Peru Peru
Felipe Baquero,The LEGO Group,"Sr. manager, content partnerships & distribution - Americas global content distribution, EPC",
Felipe De Stefani,El Reino Infantil,CEO,
Felipe Osorio,Canela Media,SVP Content Verticals,USA
Felipe Rey,Inter Miami,"Tech, media and marketing executive",USA
Felipe Tewes,Amazon Prime Video,Head of International Originals,
Fernanda Merdeni,América tv,Gerente de producción,Argentina
Fernando Barbosa,The Walt Disney Company Latin America,"SVP, GM Media Distribution & Production Latam & US Hispanic Mkt",USA
Fernando Calviño,Señal News,Founder & CEO,
Fernando Duarte,Telefuturo,General Manager,Paraguay
Fernando Frade,"Hemisphere Media Group - Cinelatino, Todo Cine",Director of Programming and Acquisitions,USA
Fernando González,BLU Creators & Content,Content Strategy and Talent Manager,
Fernando Magalhaes,Claro Brasil / AMCO,Content Director,Brazil
Fernando Muñiz Bethancourt,America TV,CEO,Peru
Fernando Seoane,Jaguar Bite,Content Development,COLOMBIA
Fernando Sugueno,Warner Bros Discovery,Vicepresidente de Contenidos - Mexico,Mexico
Filippo Ugalde,Labodigital,Gerente de Desarrollo de Negocios,Mexico
Fiona Li,COL,Studio Head,
Fiona McWilliam,Paramount,Acquisitions,USA
Flor Almonte,DFEZ Content Management/LCTV,Content Acquisitions / Business Development Consultant,United States Minor Outlying Islands
Flor Maria Torres,Blue V / EcuaStudios,CEO / Bussines Director,Ecuador
Florencia Sabatini,Google,Directora de comunicaciones para Google Hispanoamérica,
Francesca Ricagni,The Mediapro Studio,Head of US Hispanic,USA
Francesco Civita,Pródigo Filmes,CEO and Executive Producer,
Francis Izquierdo,NBCUniversal Telemundo Enterprises,Communications Manager,
Francisco Carrasco,Apnea Films,Productor,
Francisco Cusco,Tastemade Latin America,President,
Francisco Espinoza,Canal 13,Asesor Estratégico,Chile
Francisco Fulla,Canal 13,CHIEF OPERATING OFFICER,Chile
Francisco Javier Arbolí,Arboli,TV/Radio/Writer/Screenwriter/Producer,
Francisco Morales,Amazon Prime video,Head of Content Acquisition Mexico,Mexico
Francisco Rivera,Sony Pictures Television,"Head of Emerging Business, Latin America",USA
FRANCISCO FERREYRA,Prensario,International Business Manager,
Francisco Martin Del Campo,Amazon Studios,Sr. Creative Executive - Scripted,Mexico
Frank Scheuermann,Endemol Shine Boomdog,Unscripted Chief Content Officer,Mexico
Frédéric Groll-Bourel,TV5MONDE,COO LATAM & Caribbean,
Fredrik af Malmborg,Dubhub,ceo,
Gabriel Andriollo,Senãl News,Collaborator,
Gabriel Jacome,TV Globo,Head of Content,Brazil
Gabriela Ortega,Amber Holdings,Associate Producer,
Gabriela Perozo,VPITV,Correspondent,
Gabriela Remirez,Conspiração Filmes S/A,Content Director,
Gabriela Rodriguez,R Media,Executive Vice President of Content,Honduras
Gabriela Tafur,Idilio TV,Founder and CEO,
Gachi Ciurluini,Canela Media,VP Content Strategy,USA
Gary Mitchell,C21Media,Sales Manager,
Gastón Gamarra,Caption Group,COO,
Gema Lopez,Universal Cinergia Dubbing,Director,
Geordy Gonzalez,SU-O1 Bilingual Newswire,Camera Operator,
George Lentz,Canela Media,Vice President Content Acquisitions,USA
Geraldine Gonard,Inside Content,CEO,España
Gerardo Brandy,Nippur Media,CEO,USA
Gerardo Diez,Sony Music Mexico,VP of Business Development,Mexico
Gerardo Rosillo,TelevisaUnivision & VIX,Content Acquisition Director USA & Latam,Mexico
GERARDO E DOMINGUEZ,Goldmine Pictures Releasing LLC,President,USA
Gina Gallegos Macias,Macias Group International LLC,Co-President of Operations,
Giovanni Oliveira,UNIFE México,Director de Programación,Mexico
Giulianna Brando,AFP Agence France-Presse,Gerente comercial,
GIYASETTIN EYYUPKOCA,ISTANBUL CHAMBER OF COMMERCE,EXECUTIVE BOARD MEMBER,
Gloria Saló,GECA,Director of Content and  Production Consultancy,Spain
Gonzalo Arias,"General director, GM Comunicación","Co-founder, Offline Sports",
Gonzalo Beren,Mercado Libre,Content Strategy and Acquisition Specialist,Argentina
Gonzalo Claiman-Versini,Diamond Films Spain,CEO,
Gonzalo Larrea,Cventiuno,,
Gonzalo Sagardia,Onza,CEO,Spain
Gregorio González,Forastero Ventures,Managing Partner,USA
Gregory Brough,Candlelight Media Group / SparkTv,CEO,USA
Guadalupe D'agostino,WE,Sales,
Guillermo Franco,Multimedios,COO,Mexico
Guillermo Sierra,HITN TV,Head of Television and Digital Services of HITN,USA
Guillermo Paulo Pendino,Paramount,VP Programing & Content of Telefe and Chilevision,Argentina
Gunther Kaempfe,Blackstar Content,Productor Ejecutivo,
Gustavo Aparicio,Spanglish Movies LLC,CEO,USA
Gustavo Castro,Zylo,Content Acquisition Director,Argentina
Gustavo Grossman,Venevision Media,,Venezuela
Gustavo Scaglione,Telefe,President,
HALIL ASLAN,ISTANBUL CHAMBER OF COMMERCE,DEPUTY SECRETARY GENERAL,
Hannah Mabruk,NBCUniversal International Studios,SVP Format Sales & Production,
Harvey Grisalez,Onza Américas,SVP de Desarrollo y Producción,USA
Hector Abadie,FILMEX,PRODUCCION Y PROGRAMACION,
HÉCTOR BERMÚDEZ,SUN CHANNEL-LAEMG Latin American Entertainment Media Group,PRESIDENTE EJECUTIVO,
Henri Ringel,The Walt Disney Company Latin America,"VP, Acquisitions and Content Sales Latam",USA
Hernan Lopez,Owl & Co,Founder,
Hernan Pantaleon,Hernan Pantaleon Abogados,Founder,Argentina
Hernan Pellegrini,Frame,CEO,
Hernán Caffiero,DeCulto,General director and showrunner,
Hernán Tchira,NAH! CONTENIDOS,Titular,
HORACIO ALCALA,The Aurora Project,Director,
Hordur Runarsson,ACT4,Executive Producer / Creator,
Hortensia Montesino,A&E Networks Latin America,Manager of Acquisition,USA
Hortensia Quadreny,Warner Bros Discovery,"VP, USH Programming & Planning Lifestyle & Factual Latam",USA
Hugo Mayorga,Toei Animation Inc.,"Director, Film Licensing",
Hugo Serra,ConUnPack,Buyer,Colombia
Hugo Tomás,Movistar Plus+,Director de entretenimiento y no ficción,
Hulda Acevedo,Olympusat,Vice President of Content Acquisitions,USA
Humberto Delmas,Telefilms,Sales Director,
Humberto Carlos Luongo Marcano,Luongo Insurance group llc / Miami Institute,Analista financiero,
Ian Victor Carrasco-Szulc,ShortsTV,VP EMEA & LATAM,United Kingdom United Kingdom
Idan Yacov,Imagine Media Ltd,Director,Israel
Ignacio Barrera Tyszka,Mas Ros Media,President,United States
Ignacio Corrales,Buendia Estudios,CEO,Spain
Ignacio Galliano,Telecom Argentina (FLOW),Jefe de contenidos - Adquisición y Desarrollo,
Ignacio Segura,Break Da Rules,Head of Creative,
IGNACIO (IÑAKI) ORIVE,BRANDS & RIGHTS 360,PRESIDENTE,
Ignacio Elian Ortuondo,Likan Studios SAS,CEO,
Ines Sahores,Go Global,Regional Manager Americas,
Ines Salles,Vimeo,Enterprise Account Executive Latam,
Iohamil Navarro Cuesta,Twenty Four-Seven Content,Founder/Creative Director,
İpek İnceoğulları,Raya Group,Sales Manager,
Iralyn Valera,Telemundo Studios,"Director, Future Development",USA
Irune Ariztoy,"Telemundo, NBC Universal",VP Unscripted Development,USA
Isaac Toussier,Lemon Studios,VP of Content,
Isabel Vallejo Diaz,Zapping,Country Manager Chile,
Israel Consuegra,Freelance,Productor,
Israel López,Mediacrest Entertainment,Head of Documentaries,Spain
Israel Rojas de leòn,RATING ENTERTAINMENT,Director de Adquisiciones y Programación,Dominican Republic
ivan ibarra,Canal 10,COO,Uruguay
Ivan Castell,Crew Films,Director/Productor,
Ivan Diaz,Filmax,Head of International,Spain
Ivan Pablo Jasiukiewicz,Trinity Contenidos,DIRECTOR,argentina
Ivonne Niño,In-To-Films,CEO,
Iza Piotrowska,wedotv,"SVP, Global Business Development.",United Kingdom
J. David Hoffman,Blackmagic Design,"Business Development Manager, Americas",
Jack Hobbs,reVolver Podcasts,President/CEO,
Jacky Castro,Telemundo Studios,"VP Production, Telemundo Studios",USA
Jacqueline Lopez-Silvero,"Programas para Television, Inc.",President,
Jaime Acero,TelevisaUnivision,Content Director,USA
JAIME AGUILAR ALVAREZ GONZALEZ,"CORPORATIVO TELEVISA, S.A. DE C.V.",Director General de Programación y Adquisiciones TelevisaUnivisión,Mexico
James Camargo De Alba,Cóncavo Films,Guionista - Director Creativo,
James Costos,Secuoya Studios,President,
James McNamara,Panamax Films LLC,Chairman,USA
James Woolley,Miami Film Festival,Executive Director,
Jamie Otero,Parrot Analytics,"VP, Partnerships",
Janaina Tadeu,LG,LATAM Content & Business Strategy Manager,Brazil
Jasmine Rezai,A+E Global Media,"Head of Content Sales, Latin America",
Javier Adrian,Produ,Sales director Mexico,
Javier Castany,Dianey+,Head of Unscripted Original Production,
Javier Fiorellino,Newsline Report,PRESS,
Javier García,"BANIJAY IBERIA, S.L.",CFO & COO,
Javier Goldschmied,TVN,Programming Director,Chile
Javier Lopez Casella,JCD STREAMING,CEO,
Javier Méndez,The Mediapro Studio,Head of Film & Scripted,Spain
Javier Nuche,Atresmedia,Director general del área de diversificación,
Javier Olivera,Canal 4 Uruguay,CEO,Uruguay
Javier Perez de Silva,Beta Entertainment Spain,CEO,Spain
Javier Pons,Telemundo Studios,Chief Content Officer & Head of Telemundo Studios,USA
JAVIER PEREZ TEUFFER,Endemol Shine Boomdog,COO,Mexico
JAVIER WILLIAMS,3PAS STUDIOS INC,PRODUCTOR EJECUTIVO,MEX / USA
JAVIER YRAOLA,TRADE COMMISSION OF SPAIN - ICEX,TRADE COMMISSIONER,Spain
Javiera Balmaceda,Amazon Prime Video,"Head of originals, Latin America, Canada and Australia",
JC Acosta,The Mediapro Studio,Head of The Mediapro Studio US / Canada,USA
Jean Uliczay,UBU Productions,,Germany
Jean-Noël Hugonin,Digital Virgo,"Global Head of Content, Partnerships & Monetization",
Jeannette Zepeda,Universal Cinergia Dubbing,Manager,
Jeff Pugsley,Imagem Filmes,Head of TV Distribution LATAM,
Jennifer Barany,Amazon Prime Video,Sr Content Acquisition Mgr,USA
Jennifer Gil,Telemundo Networks/Studios,"VP, Finance and Business Operation",USA
Jennifer Moscat,Vrio Corp.,Content Acquisition & OnDirecTV Director,USA
Jeronimo Sanchez,Cinemex,"Sr Manager for Distribution, Acquisition and Event Cinema",Mexico
Jess Peker,Soho Formats,Content Producer,
Jessica Bishop,WBD,Director of Acquisitions,USA
Jessica Orfely,Warner Bros. Discovery,Program Sourcing & Planning Specialist,
Jessica Ross,Chera TV,Director of public relations,
Jessica Rubio,Lilac Communications Inc,"Manager, Content Acquisition",USA
Jessie Behan,Aux Mode,President,Canada
Jessy Terrero,Cinema Giants,President,
Jesus Espinoza,M&F Television & Media Consulting,Content Acquisition Director,USA
Jesus Martin Tena,V.O. Team Media S.L.,Investor/General Manager,Spain
Jesus David Alvarez Andrade,MOVIEBOX PRODUCCIONES SAS,Productor Ejecutivo,Colombia
Jhoan Mujica,33 Films / Miami Institute,"Director, Showrunner",
Jimmy Arteaga Grustein,"& President of Programming, Promotion & Production at Wapa Tv",CCO of Hemisphere Media Group,Puerto Rico
Jimy Trujillo,,,
Joao Worcman,SOFA DGTL,VP of Acquisitions,Brazil
João Fonseca,Amazon Prime Video,Sr. Content Acquisition Manager,Brazil
João Tikhomiroff,Mixer Films,President,
Joaquim Candel,Prime Video,Partner Manager TVOD LATAM,
Joaquin Fanjul,The Intirinteam,CEO,
Joe Aboumrad,América Móvil,Director General Claro Sports y UNO TV,Mexico
Joe Uva,reVolver Podcasts,Chairman,
Johanna Helman,Fremantlemedia Mexico,Head of Production in Latin America,Mexico
Johanna Movilla,FOX,Senior Administrative Assistant,
Johanna Villota,Blue Ant Media,"Sales & Marketing Manager, Int'l Distribution",USA
John Attard,Showdog Studio,Founder,
John Baghdassarian,Oly/JB Streaming,VP Content Strategy & Acquistions,
John Huff,AMC Networks Latin America LLC,Managing Director,USA
Jónas Margeir Ingólfsson,ACT4,CEO,
Jonathan Bouzali,KUTER Films,Producer,
Jonathan Broughton,PlumResearch,Research director,
Jonathan Cuchacovich,Megamedia S.A.,Área dramática Internacional Mega,Chile
Jonathan Wul,Scarpetta Media,Director general,
Jonathan Zorrilla,Cinderbugz Films,Producer/Executive Producer,
Jordan Pinto,C21 Media,North American Editor,
Jordan Warkol,OTTera,"VP, Business Development",USA
Jorge Balleste,Future Today Inc.,Head of Acquisitions,USA
Jorge Edelstein,Yellow Kingdom,Head . Founder,
Jorge Fiterre,Condista,CEO & Founder,
Jorge Garro,Televisora de Costa Rica S.A.,Asesor Presidencia,Costa Rica
Jorge Gonçalves,SOFA DGTL,Business Development Director,Brazil
Jorge Granier,Rubicon Global Media,Managing Partner,USA
Jorge López Abella,Quinto Color,Productor,
Jorge Naranjo,NANA FILMS,CEO & Filmmaker,
Jorge Otero,iKartoons Animation,CEO,USA
Jorge Ruiz,Finconecta,CEO,
JORGE TIJERINA,WARNER BROS DISCOVERY,HEAD OF SCRIPTED CONTENT DEVELOPMENT FOR MEXICO AND COLOMBIA,Mexico
Jorge A Fiterre,CONDISTA,Partner,
Jose Arismendi,Cisneros Media,V.P. Programming Strategy,USA
Jose Calderoni,Paramount,SVP Streaming,USA
Jose Monroy,Library Kingdom Corp.,VP of Sales,USA
Jose Pagan,UPM Productions,Producer,USA
Jose Scheuren,Cinemat Inc.,CEO,USA
José Badini,AMC Networks International Latin America,VP de Programación & Adquisiciones - Movies & Series,Argentina
José Silva Pedro,"Coral Vision Europa, SA",CEO,Portugal
José Alonso Navarro,Cooking Media,international content buyer,Panama
Jose Angel Mayayo,INTERACTVTY,SENIOR ADVISOR,Spain
Jose Antonio De Brigard,Estudios RCN,President,Colombia
José Antonio Espinal,Somos TV,C.O.O,USA
José Antonio Fernández,RevistaPantalla.com,Director General y Editor,
José Antonio Salso Baratas,ATRESMEDIA,Head of Aquisitions and Sales,Spain
Jose Luis Woodhouse,MVS,CEO,
José Manuel Lorenzo,"DLO PRODUCCIONES E INVERSIONES, S.L.",PRODUCTOR,Spain
José Miguel Riedel,Beta Films,Ejecutivo de Ventas,
JOSEDAVID CORREDOR BECERRA,CANDELARIA CINE SAS,SOCIO FUNDADOR -PRODUCTOR,
Joy Ernanny,Amazon MGM Studios,Creative Executive,
Joyce Zylberberg,Screen Capital,Cofounder & Managing Director,Chile
Joysette Rivera,Tempo Media,CEO,
JP Garcia,Runtime Media,Head of Audience Development,USA
Juan Crespo,3C FILMS,Ceo,
Juan DU,Sichuan Media Group,North American Representative,
Juan Fernandez,Caracol Televisión,Productor,
Juan Garreton,TV+,Presidente,Chile
Juan Ponce,NBCUniversal Telemundo Enterprises,"SVP , Telemundo Studios",USA
Juan Santos,Wood Creek Road Productions,Founder,
Juan Trujillo,,,
Juan Uruchurtu,Perro Azul,Productor Ejecutivo,
Juan Carlos Sanchez,Family Playland Inc,Co-founder,USA
"Juan Ignacio ""Iñaki Vicente",Chilevision,Executive Director,Chile
Juan José Campanella,,"Screenwriter, director and producer",
juan manuel altamirano,Appear,Business Director,
Juan Manuel Dartizio,Black Sheep Productions,Head of content and development,
Juan Marcos Melo,VYCO,Co-Founder,Argentina
Juan P. Delgado,Estudios RCN,Legal,USA
Juan Pablo Carvajal,Talento Nacional,Director,
Juan Pablo Herranz,VPITV,Cameraman Technical Director,
Juan Pablo Ortiz,Quantico Films,Partner & Executive Producer,
Juan Pablo Posada,Estudios RCN,VP Production,Colombia
Juan Pablo Rincon,HispaniCast,CEO & Casting Director,
Juan Pablo Robert,YouTube Hispanic LATAM,Head of media companies,Mexico
Juan Pablo Solano Vergara,JAGUAR BITE,VP Production,
Juan Xavier Noboa,ECUAVISA,VP Contenidos,Ecuador
Juanjo Lopez,THE TINTIRIN TEAM,Executive Producer,
Jukka Kaivola,Yle Sales,Sales & Distribution,
Julia Orlievsky,360 Powwow LLC,Project Manager & Development,
Julia Osuna,Media Plan,Jefe de Ventas Internacionales,Guatemala
Julia Pacetti,JMP Verdant,,
Julia María Rincón,Epica Studio,Executive Producer,
julian rousso,Anima Films,President,
Julian Rigamonti,Black Cat Global Limited,CEO,
Juliana Arias Ardila,11:11 Films y TV,Directora de Contenido,Colombia
Juliana Barrera,Izen,Executive Producer - International Development,Spain Spain
Julie Hallberg,LGH Entertainment,Producer,Norway
Julieta Brunero,dynamo producciones,Directora de Contenido Ficción,
Julieta Piazza,The Walt Disney Company,Sr Manager Content Strategy Disney+,Argentina
Julio Bautista,Arel Holding,CFO,Guatemala
Julio Cabello,TelevisaUnivision,"Senior Director, Scripted Strategy • Programming Strategy",
Julio Neri,Cinemania Network,President,USA
Julio César Rodríguez,Paramount,Programming Manager,
Justin Tager,Miercoles Entertainment,Creative Executive/Acquisitions,
Kam Jey,Indigenius,Managing Partner,
KAMELA GIL DE MARES,INCOMSA.SA,GERENTE DE VENTAS,Colombia
Karen Barroeta,Imagine Klever,CEO,
Karen Juliao,Caracol Televisión,Senior Director International Marketing,
Karen Lamk Haddad,TelevisaUnivision,Analista y Coordinadora de Nuevos Formatos de Entretenimiento,
Karina Arbizu Ritchie,TCS El Salvador,Gerente de Programación,El Salvador
Karina Dolgiej,Grupo iZen,Head of International Business and Coproductions,United States
Karina Estrada,Media Plan,CEO,Guatemala
Karina Montoya,Tv Azteca,Programming Director,Mexico
Karla Puppo,Jack Studios Perú,General Manager | Executive Producer,
Karla Rodriguez,Goodshort,"Head of Talent Relations, PR & Fandom",
Kate Humphreys,Banijay,CCO,
Kathleen Prefontaine,Aetios Productions,"Director, Distribution & Development",
Katie Reilly,C21Media,Office Manager,
Katsi Colon,TelevisaUnivision (ViX),VP Business Affairs Latin America,
Kelly Oviedo,The Mediapro Studio,Development and Production Specialist,USA
Kenneth Arber,"CONVERGENT PRODUCTIONS, INC",Buyer International,
Kevin Kim,SBS International,President & CEO,
Khristopher Lorenzo,NBCUniversal,SVP Content & Acquisitions LATAM,USA
Kitt Rosenfield,Tubi,Content Acquisitions,USA
Kristina Razmerova,Fantawild Animation Inc.,Distribution Executive,
Kunal Wadhwani,Shemaroo Entertainment,General Manager,
Larry Adkins,VideoAge,PRESS,
Lasse Hallberg,LGH Entertainment,CEO & Producer,Norway
Laura Abril,"BUENDIA ESTUDIOS, S.L.",EVP FICTION AND GLOBAL BUSINESS DEVELOPMENT,Spain
Laura Fernandez,Visper Sas,Distribuidor,
Laura Fernandez Espeso,The Mediapro Studio,CEO,Spain
Laura Minarro,Buendia Estudios,VP of International Coproductions,Spain
Laura Rhodarmer,ITV Studios,"Head of Brand Partnerships, Americas",
Laura Stevens,C21Media,Head of Digital,Taiwan (Province of China)
Laura Tapias,Copyright Capital,Content Acquisition,USA
Laura Paola Gamper,LA PAGA,Creadora / Productora,
Lauren Behar,NBCUniversal,"Director, Content Acquisitions & VOD",USA
Laurens Drillich,EndemolShine latino,President,USA
Laxmi Lorenzo,Prime Video,"Senior Content Acquisitions Manager, Latam",
Leo Lavazza,360 Powwow LLC,CEO,USA
leonardo flores,Directv,VP Contenidos Propios Vrio Corp,Argentina
Leonardo Aranguibel,The Walt Disney Company Latin America,"VP, Production",USA
Leonardo Bigott,Panamericana TV,Gerente General,Peru
Leonardo Padrón,Leo Padron Productions,Escritor y showrunner,
Leonardo Pinto,Inverleigh,Director Client Parnertships USH & LATAM,
Leonardo Santhos,SDVC,Brazilian Portuguese Dubbing & Localization Lead,
Leonardo Zalcman,PlayTV,Vice-President,
Leonardo Zimbron,3Pas Studios,SVP International Coproductions and Sp Language Films,USA
Leonor Sotillo,TelevisaUnivision,"SVP, Scripted Content Strategy • Programming Strategy",
Leslie Andrade,Sony Pictures Television,"Director, Program Planning & Scheduling",USA
Leslie Cohen,The Mediapro Studio,Head of Global Acquisitions,USA
Leticia GODINHO,Series Mania,Deputy Director in charge of Business Development,France
Leyla Formoso,Nelvana International Limited,Consultant Sales Representative,
Ligia Trejo,NBCUniversal Telemundo Enterprises,"VP, Content and Programming, NBCUniversal Telemundo Enterprises",USA
Liliam Hernandez,Universal Cinergia Dubbing,CEO,
Liliana Castillo,Red Uno de Bolivia,Head of programming and adquisitions,Bolivia
Liliana Chavez,Televisa Univision,Senior Manager Content Strategy,USA
Lily Caputo,TLN Media Group Inc.,"Director, Programming",Canada
Lisayda Lopez,n/a,Productora,
Lisbeth Eriksen,TV5MONDE,Distribution and Marketing  Manager Latin America,
Lisette Osorio,Caracol Televisión,VP de Negocios Internacionales,USA
Lola Moreno,360 Powwow LLC,Director of Scripted & Executive Producer,
LOLI MIRAGLIA,SDO Entertainment,CEO & founder,Argentina
Lorena Alvarez,Canal 13,Jefa de Contenidos,Chile
Lorenzo Colina,VideoAge,PRESS,
Lorenzo Dunoyer,Mas y Mas Comunicaciones,Executive Producer and Director,
Lorenzo Orozco Valdes,"MVS NET, S.A. DE C.V.",Content Manager,Mexico
Lorenzo Wills,W Studios,COO,
Lourdes Ramos,Telemundo Studios,Executive Assistant,USA
Lourival Rodriguez,Sony Music Latin-Iberia,Director Development and Production,
Lucas Balmelli,TV Accion SA - Telefuturo,CEO,Paraguay
Lucas Green,Banijay Entertainment,"Chief Content Officer, Operations",
Lucas Jinkis,Zeppelin Studio Latin America,CEO,Argentina
Lucas Mentasti,SDO,Socio,
Lucas Soussumi,Brazilian Content,Executive Manager,
Lucas Veiga,Clube Filmes,Executive Producer,
Lucas Vivo,Intro Pictures Audiovisual Ltda,Ceo,
Lucca Salantino,TV Gazeta,Acquisitions Assistant,
Lucia Ugarte,Chicas Guapas TV,CEO & Founder,
Luciana Festi,OTTera Inc.,Business Development Latam,
Luciana Leroy,Leroy Consultancy,Licencing and Programming Manager,
Lucianna Kafati,Televicentro,Director of Acquisitions,USA
Luciano Zarlenga,Fabric,"SVP Data, for Origin Nexus & Origin Insights",
LUCIANO FOPPOLI,3C FILMS,Director General,Argentina
Lucy Scott,C21Media,Operations Director,
Luis Ara,Trailer Films,CEO,
Luis Cabrera,TTV News,Editor,
Luis Fernández,NBCU Telemundo Enterprises,Chairman,
Luis Fernandez Reneo,ALTAMIRA ENTERTAINMENT,Productor,
Luis Lopez,Pipeline Studios,CEO,
Luis Sabal,Sony Pictures Television,"SVP, Co-Networks Head, Revenues -Distribution & Networks",
Luis Stipanovic,PROVIDEO,CEO,Colombia
Luis Torres-Bohl,Mexicanal LLC,Founder,USA
Luis Venegas,Via X Films,Ceo,Chile
Luis Villanueva,Somos Group,President & CEO,USA
Luis Guillermo Villanueva,SOMOS Group,Chief Operating Officer,USA
Luisa Campos,Globo,Acquisitions Manager,
LUISA ORREGO,ZEBRACOM INTERACIONAL,General Manager,Colombia
Luismi Elizondo,LUMMI FILMS,Guionista y showrunner,
Luiz Bannitz,BTZ Films,Director,Brazil Brazil
Luiz Noronha,Fábrica Banijay Brasil e Mexico,MD & CCO,
Luiz Soares,Fatfish,BD Manager,Brazil
Luiz Filipe Figueira,The Chain,Cofundador y managing partner de contenido,
Luli Davalos,VANQUISH Media,Chief Content Officer,
Luz Aldazoro,Maricela Marulanda Management & Production Inc.,Content Director,United States
Lydia Yamina Segundo,Movie Avenue International / Streamix,Head of Content Distribution-Acquisitions,USA USA
Lydy Pinzon-Dadley,"National Captioning Institute, Inc. (NCI)",VP of sales & marketing,
M-K Kennedy,Studiocanal,EXECUTIVE MANAGING DIRECTOR TV SERIES,
Macarena Cardone,Invercine,Socia y directora ejecutiva,
MACARENA MOCHON,Hidden Stories,co fundadora,
Magda Martins,Kivi Connected TV,Director of Strategy and Operations,Brazil
Magdalena Godio Baez,Warner Bros. Discovery,Acquisitions Director,Argentina
Maggie Salas Amaro,Canela Media,Director,USA
Malena Roldan,LA PAGA,Productora,
Mamen Sala,France 24 TV,U.S. Correspondent,
Manny Miguez,Amazon,Content Acquisition,USA
Manny Ruiz,Minivela / Brilla Media Ventures,CEO,United States
Manuel Altman,Sf,VP  Business Development,
Manuel Belmar,Globo,Digital Products Director,
Manuel De Sousa,MIPCOM & MIP Cancun,Partnership and Business Dev Director,
Manuel Robledo,INTERACTVTY,"COUNTRY MANAGER, CHIEF BUSINESS EXECUTIVE",
Manuel Soto,ISOS Media Group,CEO,
Manuela Marulanda,Maricela Marulanda Management & Production Inc.,CEO,USA
MANUELA MANZANO,SQUIRREL MEDIA,DIRECTORA GENERAL DE CONTENIDOS,
Marc Paneque,"Cool Content Entertainment, Inc.",CEO,
Marcel Vinay,Albavision,Head of acquisitions,USA
Marcela Citterio,THE ORLANDO BOOKS,CEO,
Marcela Gonzalez,Albavisión,Evaluation and Acquisition Executive,Panama
Marcela Montoya,Netflix,"Manager Licensing, Content Acquisition LatAm",Mexico
Marcela Sánchez-Aizcorbe,WBD,"Director, Production Management",
Marcela Villegas,Unicanal S.A,Gerente de Contenidos y talentos,Paraguay
Marcello Coltro,NBCUniversal,"SVP Affiliate Relations, Mktg & Creative",USA
Marcello Zeni,Newco Pay TV,Vice President of Growth and Distribution,Brazil
Marcelo Assumpcao,InteracTV,Director,Brazil
Marcelo Bombau,Telefilms,Board Member,
Marcelo Fernández,Pink Panda Productions LLC,Director - Producer,Usa
Marcelo Rocha,Vimeo,VP of Sales and General Director,
Marcelo Tamburri,Independiente,"Ejecutivo de contenidos, productor y desarrollador independiente",Mexico
MARCELO WILKINS,SAETA CANAL 10,FINANCIAL DIRECTOR,Uruguay
Marcio Guilherme B. da Silva,Caracol Televisión,VICEPRESIDENTE DE NUEVOS NEGOCIOS,Colombia
Marcio Roberto de Moraes Filho,BF Distribution,Sales Director,Brazil
Marco Ibarra,2 BE NAMED LLC,Managing Partner,USA
Marco Martinez,Caracol Televisión,Administrative Manager,Estados Unidos
Marco Antonio Damian Garcia Perez,Cinépolis,Deputy Director Alternative Content and Event Cinema,
Marcos Gorban,Canal 13 Chile,Executive Producer,Argentina
Marcos Santana,Mas Ros Media,Founder,
Marcos Scherer,Imagem Filmes,CEO,
Margarida Pereira,TVI - Televisão Independente,Director of Acquisitions,Portugal
Mari Urdaneta,200% Media,Founder / CCO,
Maria Castillo,TC TELEVISION,GERENTE DE PROGRAMACION,Ecuador
Maria Pérez Bellière,RX FRANCE,Director MIP CANCUN,
Maria Rua Aguete,OMDIA-INFORMA,Head of M&E,
Maria Soto,ISOS Media Group,President,
Maria Valenzuela,Brisa Media,Founder and general manager,Spain
Maria Zuleta,Caracol Televisión,ACQUISITIONS DIRECTOR,Colombia
MARIA JIMENEZ,TOTALPLAY,Content Acquisition Manager,
María Badillo,NBCUniversal Telemundo Enterprises,VP Casting Primetime Unscripted & Specials,
María Priego,EGEDA,Desarrollo de Negocio,ESPAÑA
María Belén Herrera Correa,Televisión Nacional de Chile,Head of Content Acquisition,Chile
Maria Cecilia Presto,SAETA TV CANAL 10,Head of Acquisitions,Uruguay
Maria Chiara Duranti,FormatBiz,Founder,Italy
Maria Eugenia Muci,VIP 2000 TV,Producer,
María Gabriela Díaz Lozano,TVN Media Panamá,Acquisitions Manager,Panama
Maria Isabel Vilcapoma Arone,Cable Red Peru,CMO,Peru
Maria José Figueroa,Guatemala.com,Programming Manager,
Maria Lucia Gil,Incomsa,Buyer,Colombia
Maria Paula Bustamante,Caracol Television,DIRECTORA DESARROLLO DE CONTENIDOS,Colombia
MARIAMAR MIRANDA ESTRADA,PARAMOUNT INERNATIONAL,VICE PRESIDENT CONTENT STRATEGY AND PROGRAMMING,Mexico
Mariana Fried,PX Sports,Manager Argentina & Cono Sur,Argentina
Mariana Oliva,Maria Farinha Filmes,Partner and Co-CEO,
Mariana Perez,The Walt Disney Company Latin America,VP Development & Production,Argentina
Mariana Vargas Guizar,Dynamo Contenidos,Directora Entretenimiento,
Mariano Aragón,RMVPlay,Business Advisor,USA
Mariano Calasso,Tempo Media,CCO,
Mariano Cesar,Warner Bros Discovery,"SVP General Entertainment Original Content and Programming Strategy, Warner Bros. Discovery Latin Am",Argentina Argentina
Mariano Kohan,Navajo Films / Intro Pictures,Producer,
Mariano Kon,Screenhits TV,"VP, Content & Business Development, GM Lat Am",
Mariano Mosca,Canal 4 Uruguay,Gerente de Programación,Uruguay
Mariano Rosón,Nitro Group,Manager of Acquisition,USA
Mariano Suez,Offline Sports,Producer,
Mariano Varela,Claxson / Yulgok Media,CEO,
Marias Recarte,EN CERO COMA (FREMANTLEMEDIA ESPAÑA SA),Productora Ejecutiva/Directora Contenidos,
Maribel Ramos,Produ,Multimedia Journalist,
Maricarmen Szeszko,Iluminacion Studios,Founder/CEO,United States
Maricela Marulanda,Maricela Marulanda Management & Production Inc.,Talent Manager,
MARIE LEGUIZAMO,BANIJAY MEXICO & U.S. HISPANIC,MANAGING DIRECTOR,Mexico
Mariel Garcia Spooner,HELLO OCTOBER,Producer - Director,
Mariela Mastrangelo,Kontrol Productions,Executive Producer,
Marina Del Canto,MC Films,VP of Content,Chile
Marina Dimitrius,Hemisphere Media Group,Vice President Pay TV and Digital Networks,USA
Marina Grasso,Ginga Pictures,Executive Producer,
Mario Villani,TELEVISAUNIVISION,SVP Streaming Strategy,USA
Marisol Amaya,Paramount Global,VP Acquisitions Latam All Platforms,USA
Maritere Ysern,ArYse Legal Studio,Attorney,
Marlon Quintero,CIC Media LLC,Managing Director,USA
Marrysa Moyer,StreamTV Show,Senior Business Development Manager,
Martha Godoy,Godoy Entertainment,Content Director,USA
Martin Halac,Alton River Media,Executive Director,
Mary Ann Halford,Halford Media Advisory,Managing Principal,
Mary Luz Rondon de Parra,"CABLEPAR, INC",CEO,
Mateo Cardoso,Canal 12,Gerente General,Uruguay
Mateus Muradian,Amazon,Head of Content Acquisition - Pan Regional,USA
Mathurin Beauvert,AMPERSAND,Head of Fiction,
Matthew Rosenstein,MIPCOM Cannes / MIP Cancun,Director Buyer Relations and Communications,
Mauricio Almeida,Watch TV,President,
Mauricio González Roque,SIM MX TV,Acquisition & Distribution Manager,Mexico
Mauricio Zubiri,Plim Plim,VP Music and Audio,
Maurício Fittipaldi,CQS/FV Advogados,Partner,
Mauro Fabbricotti,Full Board Media Srl,CFO and Co-Founder,Italy
Mauro Pelaez,AMC Networks International Latin America,Programming and Acquisitions Manager,Argentina
Max Kehoe,Amazon Studios,Scripted Executive,
Maximiliano Lasansky,Pampa Films,Productor general,
Mayedurimi Larotonda,"The Thunder Films, Llc / MiamiInstitute",Director/ Screenwriter / Producer,USA
Mayela Frank,Prime Video,Senior Content Aquisitions Manager,
Mel Chapaval Lebensztajn,Ginga Pictures,Executive Producer,
Mel Quintans,Telemundo Studios,"Manager, Planning & Control",USA
Melody Regalado,Netflix,Director of PanRegional Comms Latam,
Mercedes Ezpeleta,Blanco & White,CEO,
Mercedes Feu,Paramount Global,Acquistion Sr Director Southern Cone,Argentina
Meryem Simsek,Library Kingdom Cooperation,Acquisition Assistant,USA
Metzli Mendoza,Fremantlemedia Mexico,Research and Development Executive,Mexico
Mia Beeching,NBCUniversal,Research Manager,United Kingdom
Mia Hodgson,C21Media,Events manager,United Kingdom
Micaela Furszpan,Scarpetta Media,Manager Assistant,
Micaela Napadenschi,Deepdub,Account Executive,
Michael Rafferty,Canela Media,Co Founder/COO,USA
Michel Evans,LG,"Head of CTV Engagement and Content, Spanish Speaking LATAM",
Michelle Alberty,Paramount International,"SVP, Content & Brand Strategy MTV Entertainment Group Latam",USA
Michelle Avalos,TelevisaUnivision,"Manager, Content Partnerships at ViX",USA
Migdalys Silva,Paramount,VP Brand Lead for Nickelodeon Latin America,USA
Migue Wiernes Angeluk,We Latam,Founder and CEO,Argentina
miguel clutterbuck,Artear,coordinado,Argentina
Miguel Bañón Kelley,Spotify,"Director, PR & Communications",
Miguel Rivera,Cinépolis,Global VP of Content and Programming,Mexico
Miguel Rosenfeld,Arcadia International Corp.,President,USA
Miguel Toral,El Rugido producciones,Director General,Spain Spain
Miguel Torres-Bohl,Castalia Communications,VP Sales & Marketing Latam,USA
Miguel Valle Peñacoba,THE MILK.es,Creator & Producer,
Mike Beale,ITV Studios,"MD, Global Creative Network",
Mila Mayi,RTVE,Acquisitions Director,Spain
MINE GUNES,ISTANBUL CHAMBER OF COMMERCE,UNIT MANAGER,
minerva ñiguez,inwwo.com,Innovation Content Manager,Spain
Mingfen Lee,C21Media,Sales,
Mireia Carrillo,Zinko Media,"Founder, CEO | Executive Producer",
Miriam Luciow,FOX Entertainment,"VP, Global Content",USA
Moira Mc Namara,LEDAFILMS,Director of Sales,
Moises Chico,Stingray,Head of Sales Latin America,Canada
Monica Albuquerque,NBCUniversal Telemundo Enterprises,"Senior VP, scripted content and development",USA
Monica Gonzalez-Piriz,Liberty Latin America,"Senior Director, Programming and Carrier Services",USA
Monica Gorghetto,VideoAge,PRESS,
Monica Pimentel,WBD,Head of Content,
MONICA Sanchez Colorado,"Global Foundation of Arts, Science and Technology",International Director,
Mónica Aguirre,Black Sheep Productions,Founder,USA
Mónica Martínez,Estudios RCN,Gerente de programación estratégica,
Monika Burdier,RATING ENTERTAINMENT,Marketing Manager,Dominican Republic
Moyses Macedo,Record,Acquisition Director,Brazil
Mr. David Kao,Ina Taiwan Film Production,Content & Marketing Director,
Ms. Hsinmei Cheng,Ina Taiwan Film Production,CEO,
MUNIR USTUN,ISTANBUL CHAMBER OF COMMERCE,EXECUTIVE BOARD MEMBER,
Murray Lipnik,The Swen Group,President,
MUSTAFA ILBEYLI,Turkish Radio Television Corporation,Head of Advertising & Sales,
Nacho Gil,Spotify,Head of Marketing,USA
Nani Correia,Endemol Shine Brasil,CEO,Brazil
Nani Freitas,EndemolShine Brasil,CEO,
Nastassia C. S.,Mixtly by debi,Co-Founder CEO,
Natalia Juliao,Paramount,"VP, Content Strategy & Programming",
Natalia Szachta,BT - Content Strategy,Production Manager,
NATALIA ANDREA LARA RODRIGUEZ,MOVIEBOX PRODUCCIONES SAS,CEO,Colombia
Natassia Barbosa,Great Movies Distribution,Business Affairs Manager,USA
Naylibeth Gutiérrez,Art Founding,Productora,
Neil Batey,C21Media,Senior Reporter,
Neil Maman,Amazon Prime Video,Head Content Acquisitions - Amazon Prime Video Channels Americas,USA
Nelson Sato,SATO COMPANY,CEO,
Nesim Hason,Library Kingdom Corp.,CEO,USA
Néstor Lasko,Telecom / Flow,Gerente Editor de Contenidos,
Nick Lalonde,Lasso,Content Acquisitions & Partnerships,
Nick Martins,Blackmagic Design,Business Development Special Projects Lead,
NICO RODRIGUEZ,ADDICTA TV,CHIEF MARKETING OFFICER,USA
Nicolas Atlan,Gaumont US,President,USA
Nicolas Eglau,MOONBUG Entertainment,"Managing Director, EMEA, APAC & Global Distribution",United Kingdom
Nicolas Entel,Red Creek,Producer,United States
Nicolas Matiz,Break Da Rules,Head of Operations & Tech,
Nicolas Torregosa,Sony Music Mexico,"Manager, Premium Content",
NICOLAS CUELHO,Nicolas Cuelho,Productor Audiovisual,
Nicolás Martínez,Perrenque Media Lab,"CCO, Productor Ejecutivo",
Nicole Correia,SIC TV,Executive producer,Portugal
Nicole Marostica,Banijay Americas,Communications Lead,
Nikolai Torres-Bohl,Castalia Communications,Distribution and Marketing Executive,
Nikolay Okokorov,KEDOO ENTERTAINMENT,CEO,
NORA SEOANE,CANELA MEDIA,CONTENT ACQUISITIONS,
Nuno Vaz,RTP,Head of Entertainment/Formats,Portugal
Oben Budak,EPISODE,editor-in-chief,
Odiri Iwuji,C21Media,"Founding Partner & Commercial Director,",
Odungerl Borjigin,Shortmax,Producer,
Olena Sikan,Starlight media,Head of YouTube partnerships,Ukraine Ukraine
Oli Bernard,Kedoo,COO & co-founder,
Olimpia Ciribe,Sony Pictures Television,"Director, Content Strategy and Acquisitions",USA
Omar Arab,ToolBox,Chief Commercial Officer,
Onur Peker,Soho Formats,Executive Producer,
ONUR BAYRAMOGLU,ISTANBUL CHAMBER OF COMMERCE,SPECIALIST,
ORAINE GORDON,YAAD BOIIZ FILM PRODUCTIONS,VICE PRESIDENT,Jamaica
Orestes Aja,Atresmedia,Head of Digital & OTT,Spain
ORVILLE MATHERSON,YAAD BOIIZ FILM PRODUCTIONS,CEO,Jamaica Jamaica
Oscar Hallberg,LGH Entertainment,Producer,Norway
Oscar Porras,Sony Music Latin-Iberia,"Associate Director, Publicity",
OSCAR MOLINA,"FACTORIA HENNEO, S.L.",HEAD OF BUSINESS DEVELOPMENT,
Oscar Ernesto Ortega Cuba,EL CENTRAL producctions LLC,Director /  Writter / Producer,
Oswaldo Quintana,RCTV International,CEO,USA
Otto Padrón,Get After It Media (GAIM),"Co-Owner, Co-President and COO",
Ozzy Quiroz,Keyrose Distribution | Edgy TV,Producer | Content Acquisition,Canada
Pablo Aguero,G525 - One Wrapp,COO,
Pablo Bossi,PAMPA FILMS,CEO,
Pablo Corona,Castalia,Head of FAST Channel - Consultant,USA
Pablo Culell,Underground/ Telemundo Studios NBCUniversal,VP Original Content Development & Head of Teleseries TSS,Argentina
Pablo Iraola,Ukbar Filmes,Producer,
Pablo Jimeno,Secuoya Content Group,Director General,Spain
Pablo Mancuso,Señal News,,
Pablo Ossa,Labodigital,CCO México y Latam,
Pablo Udenio,Dukkah Producciones,CEO-Producer,
Pablo Zuccarino,WBD,SVP Cartoon Network,USA
PABLO CALASSO,VISCERAL,PRODUCTOR EJECUTIVO,México
PABLO GHIGLIONE,Globo,Head of Sales Americas and APAC & Worldwide Co-productions,Brazil
PABLO ORDEN,"INJAUS USA,LLC",CEO,
Paloma Mora,TV ON PRODUCCIONES,CEO - PRODUCER,
Pam Liendo,Netflix,Manager,USA
Pamela Rizzo,Bandplay,Head of Content,
Paola Gomez,Stingray,Sales Operations and Marketing Senior Manager,
Paola Molini,Telemundo Studios,"Director, Business Operations",USA
Paola Ortiz Celis,TelevisaUnivision,Content Manager,USA
PAOLA FELGUERES,PLAN B ENTERTAINMENT,CEO,
Patricia Daujotas,Canal 10 Uruguay,Director of Content,Uruguay
Patricia Gonzalez,Caption Group,Directora,
Patricia Jasin,Warner Bros. Discovery,SVP international TV distribution for Latin America and country manager Colombia,
Patricia Novoa,TVN,Director Datos & Análisis Estratégicos,Chile
Patricia Ramella,Paramount Skydance,"Senior Director, Marketing & Digital",
Patricio Hernandez,Megamedia,Chief Executive Officer,Chile
Patricio Rabuffetti,NonStop Studios Corp.,President,USA
Patricio Wills,TelevisaUnivision,CEO,USA
PATRICK HOOGVLIET,GINGA STORIES SL,DIRECTOR,
Patrizia Mazzucchelli,Secuoya Studios,Manager of Creative and Commercial,
Paul Presburger,Miercoles Entertainment Studios,Co-Ceo,
Paula de la Rosa,TMZ,Production Assistant,
Paula Ferrari,Go Global,CEO,
Paula Taborda dos Guaranys,GINGA STORIES,Founder & Creative Executive Director,
Paulina Vargas Espinosa de lo Monteros,Atelier de Letras / Miami Institute,Creador-Guionista,
Pauline Hébrard,STUDIOCANAL,Library Sales Manager,
Pedro Davila,Caracol Television / Miracol,Asesor / EP,
Pedro Garcia,Globo,Sales Acquisitions Director,
PEDRO HERRERA,LESCOMPANY,CEO,"Miami, FL"
Pedro Juan Palacios Botana,"EL CUADRILÁTERO FILMS, S. L.",Productor,
Pejman Partiyeli,Banzana,President Acaquisitions,USA
Peter Chavez,Pluto TV,"Sr. Programming Manger, USH",
Pierluigi Gazzolo,,Media Executive,
Pilar Blasco,Banijay Iberia,CEO,
Pilar Sancho,FILMAKERS MONKEYS,Productora,
Pina Mezzera,C21Media,Editor of Cveintiuno,
Pio Vernis,3CAT (TELEVISIÓ DE CATALUNYA),Business Director,
Poncho ( Alfonso) García-Valenzuela,IPG Mediabrands Entertainment,Managing Director,
Porfirio Rincón Gallardo,TelevisaUnivision,Content Manager,Mexico
Prashant Chothani,Travelxp,CEO,India
Rafael Cuesta,Tc Televisión,Gerente,
Rafael Dondé,New Art,Co-CEO,Mexico
Rafael Val,Newsline Report,PRESS,
Rajsudan P S,Film One,CEO,Sri Lanka
Rakel Cogliatti,Rio2C,Head of Programming,
Ralph Haiek,Screen One,President,Argentina
Ram Alcocer,Sony Pictures Entertainment,"Director, Future Content Strategy",
Ramón García Lebrija,Sony Pictures Television,SVP and Managing Director of Distribution for Latin America and US Hispanic,
RAMÓN CAMPOS SÁEZ,BAMBÚ PRODUCCIONES,PRODUCER AND CEO,
Rania Haddad,Cedars Art Production (Sabbah Brothers),Sales & Acquisition executive,Lebanon
Raquel Gomez Troyano,Iliada Films SL,Directora y productora,
RAUL SLONIMSKY,DIRECTV,DIRECTOR DE CONTENIDOS DIRECTV LATAM,Argentina
Raúl Berdonés,Secuoya Content Group,Founder and executive president,
Raúl A. Prieto,PuntaFina Studios,CO-FOUNDER & CREATIVE DIRECTOR,México
Raymundo Fernandez,Megacable,CoCEO,Mexico
Rebecca Lugo,Pipeline Studios,Director of Sales & Business Development,
Reinaldo Mendes,Univer Video / Record Americas,Senior Acquisitions,
Renato Martínez,Endemol Shine Brazil,"VP, Content & Acquisitions",Brazil
Rene Leda,Netminds,Ceo,USA
Ricardo Acevedo,Triskelion Procuctions,Executive Producer,
Ricardo Chamul,Megavisión Group,General Producer,
Ricardo Costianovsky,Telefilms,Co-Chairman,
Ricardo Fernandez,YouTube,Partnerships,
Ricardo Monastier,MFF&CO,Sr. Business Executive,
Ricardo Peguero,Go Forward Investments Inc.,CEO,Canada
Ricardo Pichetto,R turn,executive producer,
RICARDO MORAN VARGAS,RAYO PRODUCCIONES SAC,GERENTE GENERAL,
Rich Wolff,"Breaking Glass Pictures, LLC",CEO,USA
Richard Izarra,Produ,Founder,
Robert Franke,Intaglio Films,Managing director,
Roberto Argueta,Arel Holding,President,Guatemala
Roberto Rosales,Claro video LLC,VP of Legal and Business Affairs,USA
Roberto Vassaux,Guatemala.com,CEO,
"Roberto ""Kuky Pumar",,,
ROCIO FRESSONE,AMÉRICA TELEVISIÓN (AMÉRICA ESTUDIOS),ESTRATEGIA & NEGOCIOS INTERNACIONALES,Argentina
Rodrigo Araujo,EiTV USA,CEO,
Rodrigo Bustos,Cooking Media,CEO and Founder,"Chile, Perú, Miami"
Rodrigo Gomez Perez,Megacable,Content Manager,Mexico
Rodrigo Mazon,Paramount,"EVP, Head of Latam & Canada",
ROGER QUINTIN,MVS,DIRECTOR,México
Roku Izarra,Produ,,
Rory Mullan Wilkinson,C21Media,Team assistant,
Rosa Clemente,PuntaFina Studios,Directora Creativa,
Rosana Sandoval-Gallardo,SU-O1 Bilingual Newswire,Journalist,
Rosangela Wicher,Floresta Produções,Operation Executive Director,Brazil
ROSAURA ROMERO,EN CERO COMA (FREMANTLE),PRODUCTORA EJECUTIVA,
Rose Marie Vega,RMVISTAR,Founder & President,
Rosemarie Morales,"Claro video, LLC","Sr.  Manager, Media Content Acquisitions",USA
Rosina Rodriguez,CANAL 12,Departamento Programación,Uruguay
Rossy Lemos,,,
Roxana Rivera Reyes,El Colchón Entertainment SAC,Productora,
Roxana Rotundo,VIP 2000 TV,CEO,USA
Roxanne Pompa,Diamond Moving Pictures,Head of Global Distribution and Formats,
Roy Ashton,The Gersh Agency,Partner,USA
"Rubén Enriquez, Co-CEO",BLU Creators & Content,Head of Development,
Rubén Leyva,Sony Music Entertainment,SVP Artist Services and Premium Content,Mexico
Runze Qiu,COL Media Corp,"Manager, Business and Content Development",
Sabrina Aguirre,FOX Entertainment Global,"Director, Sales - LATAM",
Sabrina Capurro,SGDG SRL,Socio Gerente,Argentina
SABRINA EFROS,Nippur Media,DIRECTOR- Development & Creative,
Sachin Gokhale,Cape May Studios,Founder & CEO,USA
SALLY SALOMON,GRUPO MEGAVISION,COMMERCIAL DIRECTOR,El Salvador El Salvador
Salua Abisambra,SALABI,Scriptwriters Agent,
Salvador Gadala,TCS EL SALVADOR,Programing VP,El Salvador
Samantha Martinez,TelevisaUnivision,"Sr. Director, Programming Strategy",USA
Samir Mechbal,The Mediapro Studios,Head of Operations & Localization,Spain
Samuel Castro Hansson,IBERSERIES,Director,
SAMUEL DUQUE ROZO,TIS Studios,CONTENT ADVISER,Colombia
Sandino Saravia VInay,Cimarron Cine,Executive Producer,
Sandra Smester,NBCUniversal Telemundo Enterprises,EVP Programming & Strategy,USA
Sandrine Durand,SoFAST,COO,USA
Santiago De Carolis,The Walt Disney Co,"SVP Head of Content Strategy & Programming Disney Streaming/Linear (Latam) ,GM National Geographic",Argentina
Santiago Gimeno,COMERCIAL TV,CEO,Spain
Santiago Ortiz-Monasterio,Desenlace Films,Productor y Showrunner,México
Santiago Zapato,Á Fábrica,VP of Scripted,
Sara Millan,KWHY Meruelo Media,Programming Director,USA
Saul Argueta,Arel Holding,CEO,Guatemala
Scott Brown,Second Rodeo,CEO,
Sebastian Choy,"Panea, Inc.",CEO,USA
Sebastian Galia,Blue Ant Media,Project Manager,Argentina
Sebastian Jimenez,jk media inc,EVP,USA
Sebastian Meschengieser,Pan Contenidos,Director de desarrollo,Argentina
Sebastian Novacovsky,PRODU,,
Sebastian Ortega,NBCUniversal Telemundo Studios,"SVP, creative director, Underground Producciones",
Sebastian Pezzutti,Group Isos,,
Sebastian Snaider,TelevisaUnivision,"SVP, Global Partner Management",
Sebastian Vibes,Green Screen,Founder,
Sebastián Caballero,RED COLLISION STUDIOS,Executive Producer,
Sebastián Torterola,C21Media,,
Selina Nederhand,Sony Pictures Television,SVP & Co-Networks Head of Content Strategy and Acquisitions,USA
Sergi Reitg,Sony Music Entertainment,VP Premium Content | Sony Music Vision,Spain USA
Sergio Aguero,Campanario Entertainment,Executive Producer,USA
Sergio Delgado Leon,Oriundo Studios,Productor Ejecutivo,
Sergio Ferraro,PEGSA,Director de Producción,Argentina
Sergio Jablon,TelevisaUnivision,Head Writer,USA
Sergio Karmy,Quijote Films,Director de Estrategia,
Sergio Mendoza Mendoza,TELEMUNDO STUDIOS,VP SCRIPTED DEVELOPMENT,USA
Sergio Nakasone,Warner Bros Discovery,VP Unscripted Development & Production,
Sergio Nakasone,HBO Max,"Head unscripted content, Latin America",
Shannon Britton Archbold,Teleislas,Gerente General,Colombia
Shayna Smith,Sanna Dunes Media,Managing Director,
Sheri Kelton,Diamond Moving Pictures,"Partner, Executive Producer",
Sigfrid Gras,Televisió de Catalunya,Director,
Silene CHAVES,Animaj,"International Senior Director, Content Distribution",
Silvana D'Angelo,Glowstar Media,CEO,
Silvia Domínguez Vidal,THE TINTIRIN TEAM,Executive Producer,
Silvia Flores Bisetti,Personal / Miami Institute,Coach & Speaker,
Silvia Pérez,AM Soluciones,Content & Distribution Manager,
Silvia Fu Elias,Warner Bros Discovery,Scripted Content sr. Director Brazil,Brazil
Silvina Chaine,PAMPA FILMS MEXICO,Producer & Business Development,
Silvina Dell´Occhio,Torneos,Gerente regional de Contenidos,
Silvina Fuentes,Tendencia Miami,Journalist,
Simon Beltran,Jaguar Bite,CEO,Colombia
Simon Wilkinson,C21Media,Photographer,
Simone Oliveira,A Fábrica - Banijay,Director of Content & New Business,
Simoni Mendonca,Intro Pictures Audiovisual,Ceo,
SIMONI SOBELMAN,DirecTV Latim America / SKY Brasil,Content Director,Brazil
Siobhan Crawford,Glow Media,Unscripted format consultant,
SIoma Alcantara,WBD,Executive Assistant Production,USA
Sofia Basaguren,Endemol Shine Boomdog,Unscripted Current Producer Manager,Mexico
Sofia Jasin,TelevisaUnivision,Director of Streaming and Content Strategy,
Solange Correa,Entel Chile - Peru,Subgerente Corporativo de Contenido,Chile
Soledad Ramon,SU-O1 Bilingual Newswire,Photographer,
Sophie Sandoval,Roku,Head of LATAM & USH Content Acquisitions,
Steph Boffa,C21Media,Deputy head of event programming,
Stephanie Avalos,Andersen,Socia,
Stephen Janson,Janson Media,President,USA
Stephen L. Hodge,OTTera,CEO,USA
Stergios Kalogiros,VERGINA TV,CEO,
Steve Matthews,Banijay Entertainment,"Head of scripted, creative",
Steve Potres,Episode,Editor,
Stuart Alson,"ITN Distribution, Inc.",President/Buyer,USA
Suchada Bussaracomwong,"THEMEWORK STUDIO CO.,LTD.",Business Development Direcor,
Susan Helfrich,BREAKING GLASS PICTURES,COO,USA
Susana Herreras,MOVISTAR PLUS+,Head of spanish series,
Susana Umbert,INFIINITO PRODUCTORA SE CONTENIDOS,CEO,Peru
Susanne Frank,ZDF Studios GmbH,Director Drama,Germany
Sydney Borjas,Scenic Rights and Focus Studios,CEO,Spain
Tamara Oliveri,Yolu,Sr. Head of International Content LATAM & US Hispanic,Armenia
Tania Kunen,Warner Bros. Discovery,"Vice President, Business & Legal Affairs - Original Productions - LatAm",USA
Tania Porras Cossani,MEDCOM,Programming and Acquisition Manager,Panama
Tatiana Battaglia,GRIFA FILMES,Head of International Production,Brazil
Tatiana Emden,Screen Capital S.A.,Co Founder & Managing Partner,Chile
Tatiana Soriano,The Walt Disney Company,Manager Content Strategy,Argentina
TATIANA COSTA,GLOBO,Content and Pay TV General Manager,Brasil
Terashima Takayuki,Toei Animation Inc.,"Senior Director, Film Licensing & Production",
Teresita Nunez Perez,Sony Pictures Television,"Executive Director, TV Distribution Sales",
Tereza Gonzalez,Conspiração Filmes S/A,International V.P,
Thais Colli,CQSFV Advogados,Partner,
Thais Tavara,Spotify,"Head of Podcasts, Spanish Speaking LatAm",USA
Thaisa Cerveira,TV Globo,Manager / Original Drama,
Theo Kouroglou,VERGINA TV Thessaloniki Greece,Acquisition Manager,
tom martin,Content Rocket LTD,C.E.O & Head Of Acquisitions,United Kingdom
Tomás Yankelevich,Vytal,Head,
Toto Martínez,PuntaFina Studios,Director Ejecutivo,
Tracy Oliver,International Academy of Television (International Emmy Awards),Membership Director,
Trevor Walsh,Crunchyroll,"Senior Director, Global Distribution",
Tyler Bern,Amazon Prime Video,"Head of Content, Prime Video Australia, New Zealand, Canada",
UMAY AYAZ,UDEA MEDIA,MEDIA NETWORKER,Turkey
UMIT ORTAC,ISTANBUL CHAMBER OF COMMERCE,STAFF,TÜRKİYE
Ursula Echeverria,Kikotem Studios,Director,
Valentin Baez,Telesistema,V.P. Programacion y Contenidos,Dominican Republic
Valentina Verde,Channel Coordinator,SOMOS TV,
Valeria Almada,NBCUniversal Telemundo Enterprises,"Sr. Manager, Communications",
Valeria Finana,DayDream Entertainmnet,founder,United States
Valeria Macias-Flores,Macias Group International LLC,COO,
Valeria Palazio,Telemundo Networks,VP Acquisitions,USA
Vanessa Gómez,RED COLLISION STUDIOS,Executive Producer,
Vanessa Miranda,WBD,Head of Scripted Development Latam,USA
Vanessa Tierno,SIC,Director of Acquisitions & Format Manager,
Vanessa Velazquez,Two Circles,Sales Manager,
Veren Faden,SU-O1 Bilingual Newswire,Camera Operator,
Veronica Dominguez,,,
Victor Machado,Universal Music Publishing MGB,Universal Production Manager LATAM,
Victor Reyero,RMV PLAY,Director,Mexico
Victor Tevah,Pegsa,Director de desarrollo y contenidos audiovisuales,Argentina
VICTOR TEUHTLI ESTRADA,TOTALPLAY,Director De Producto y Servicio,
Victoria Alvarez,Chicas Guapas,,
Victoria Bitar,Telemundo Enterprise,Acquisitions Manager,USA
Victoria De Armas,,,USA
Victoria Ponce,Nuevemedia,Directora,Argentina
VINCENT TARADEL,DIGITAL VIRGO,Chief Marketing Officer,
Vinícius Otranto,Digital Virgo,Strategic Partnerships Manager,
Virginia Ariemma,Newsline Report Magazine,PRESS,
Vivian Reinoso,SIM MX TV - J2911 Media,Acquisition & Distribution,Mexico
Viviana Pena,Endemol Shine Latino,President ES Latino,
Vlad Grayvoronskiy,Senseof.Media,VP Content Strategy,USA
Vladimir Fernandes,Global Media Distribution / California Filmes,President,
Wayne Garvie,Sony Pictures Television,"President, International Production, Sony Pictures Television.",United Kingdom
Wesley Barbosa,Great Movies,Sales Director,USA
Will Lesley,BBC Studios,"Sr. Director, Marketing and Distribution, News",USA
Willie Hernandez,Group W International,Managing Director,USA
Ximena Cantuarias,Southway Productions,CEO,Mexico
Xiomara García,FILM MADRID REGION,COORDINADORA GENERAL,
Yanai Arfi,SoFast,Founder & CEO,
Yani Ojito,Pluto TV - Paramount,Director Content Partnerships,USA
Yolanda Benet,TVMas,PRESS,
Yvan Miguel Ruiz Guerrero,Corporación Estatal de Radio y Televisión,Director general,
Zabad Castro,Cross Film Solutions,Managing Director,Mexico
ZAIDA JIMENEZ,Televisora de Costa Rica,Directora de Programación y Ventas,Costa Rica
Zasha Robles,Seven.One Studios International,VP Latin America,Germany
Zeynep Peker,Soho Formats,Executive Producer,
